tf,
ZNF354C,
KLF12,
ZNF143,
ZIC2,
ZNF274,
SP2,
ZBTB7A,ZNF354C
BCL6B,KLF12
ZBTB49,ZNF143
ZIC1,ZIC2
ZNF232,ZNF274
ZNF282,SP2
ZNF410,ZBTB7A
ZSCAN16,BCL6B
ZNF524,ZBTB49
ZNF713,ZIC1
ZNF75A,ZNF232
ZSCAN4,ZNF282
ZNF200,ZNF410
SNAI2,ZSCAN16
KLF1,ZNF524
BCL6,ZNF713
EGR2,ZNF75A
OVOL2,ZSCAN4
GFI1,ZNF200
GFI1B,SNAI2
KLF11,KLF1
WT1,BCL6
ZNF655,EGR2
FOXC1,OVOL2
ARX,GFI1
VSX1,GFI1B
CRX,KLF11
PBX4,WT1
PHOX2B,ZNF655
VAX2,FOXC1
VSX2,ARX
MSX2,VSX1
ESX1,CRX
HOXD13,PBX4
NKX2-8,PHOX2B
VENTX,VAX2
HESX1,VSX2
PITX2,MSX2
PROP1,ESX1
ISX,HOXD13
NKX2-5,NKX2-8
SIX6,VENTX
HOXC4,HESX1
HOXB7,PITX2
PAX6,PROP1
PAX7,ISX
PAX4,NKX2-5
PAX3,SIX6
POU4F3,HOXC4
POU6F2,HOXB7
POU3F4,PAX6
NR1H4,PAX7
NR2E3,PAX4
POU2F1,PAX3
RBPJ,POU4F3
FOXP1,POU6F2
MAX,POU3F4
PHF1,NR1H4
MTF2,NR2E3
BCL11A,POU2F1
BCL11B,RBPJ
FOXN2,FOXP1
FOXR1,MAX
SOX4,PHF1
SOHLH2,MTF2
ZSCAN29,BCL11A
PLAGL2,BCL11B
VEZF1,FOXN2
ZBTB44,FOXR1
CENPBD1,SOX4
TIGD1,SOHLH2
CXXC5,ZSCAN29
FOXN3,PLAGL2
HDX,VEZF1
DUXA,ZBTB44
MSANTD3,CENPBD1
ZZZ3,TIGD1
LCORL,CXXC5
NFATC4,FOXN3
CUX2,HDX
CUX1,DUXA
DLX3,MSANTD3
LHX9,ZZZ3
POU5F1B,LCORL
NFATC2,NFATC4
ZFHX3,CUX2
KDM2B,CUX1
KMT2A,DLX3
DNMT1,LHX9
TET1,POU5F1B
DMRT3,NFATC2
DMRT1,ZFHX3
DMRTA2,KDM2B
DMRT2,KMT2A
E2F2,DNMT1
FOXK1,TET1
FOXG1,DMRT3
GCM1,DMRT1
HOXA2,DMRTA2
NOBOX,DMRT2
LHX2,E2F2
LHX6,FOXK1
TLX2,FOXG1
EMX1,GCM1
ZFHX2,HOXA2
LBX1,NOBOX
HOXB13,LHX2
ZHX1,LHX6
POU6F1,TLX2
SHOX,EMX1
ANHX,ZFHX2
MYRF,LBX1
NR2E1,HOXB13
NR3C2,ZHX1
NR2F6,POU6F1
RARG,SHOX
NFATC3,ANHX
RFX2,MYRF
GMEB1,NR2E1
THAP12,NR3C2
GLI2,NR2F6
GLI3,RARG
GLI1,NFATC3
ETS1,RFX2
NFIL3,GMEB1
MZF1,THAP12
RREB1,GLI2
SPIB,GLI3
FOXF2,GLI1
FOXD1,ETS1
PBX1,NFIL3
IRF2,MZF1
RORA,RREB1
PPARG,SPIB
REL,FOXF2
RELA,FOXD1
SOX9,PBX1
SRY,IRF2
TFEB,RORA
TCF4,PPARG
CEBPE,REL
XBP1,RELA
PRDM1,SOX9
EHF,SRY
ERG,TFEB
FOXJ3,TCF4
GATA1,CEBPE
MEIS2,XBP1
POU2F2,PRDM1
HSF2,EHF
MEF2C,ERG
RXRG,FOXJ3
NFATC1,GATA1
RFX3,MEIS2
RUNX3,POU2F2
EOMES,HSF2
TFAP2B,MEF2C
TFAP2C,RXRG
TFAP2A,NFATC1
ZBED1,RFX3
MLXIPL,RUNX3
TFE3,EOMES
MNT,TFAP2B
TCF3,TFAP2C
TFAP4,TFAP2A
TFEC,ZBED1
MLX,MLXIPL
MYF6,TFE3
BHLHE41,MNT
BHLHE23,TCF3
ARNTL,TFAP4
BHLHE40,TFEC
CLOCK,MLX
HEY2,MYF6
USF1,BHLHE41
HEY1,BHLHE23
MESP1,ARNTL
NEUROD2,BHLHE40
NHLH1,CLOCK
OLIG3,HEY2
NEUROG2,USF1
MSC,HEY1
HES7,MESP1
BHLHA15,NEUROD2
BHLHE22,NHLH1
FIGLA,OLIG3
OLIG1,NEUROG2
HES5,MSC
SREBF2,HES7
OLIG2,BHLHA15
MGA,BHLHE22
DBP,FIGLA
CREB3,OLIG1
HLF,HES5
NFE2,SREBF2
BATF3,OLIG2
ATF4,MGA
NRL,DBP
JDP2,CREB3
CEBPG,HLF
CREB3L1,NFE2
TEF,BATF3
CEBPB,ATF4
MAFF,NRL
MAFG,JDP2
MAFK,CEBPG
CEBPD,CREB3L1
ATF7,TEF
YY1,CEBPB
CTCF,MAFF
SP4,MAFG
GLIS3,MAFK
PRDM4,CEBPD
EGR1,ATF7
GLIS2,YY1
KLF16,CTCF
EGR4,SP4
ZNF740,GLIS3
ZIC3,PRDM4
ZBTB7B,EGR1
SP8,GLIS2
HIC2,KLF16
KLF13,EGR4
HINFP,ZNF740
SP3,ZIC3
GLIS1,ZBTB7B
ZIC4,SP8
EGR3,HIC2
ZBTB18,KLF13
ZNF784,HINFP
ZBTB7C,SP3
SP1,GLIS1
MTF1,ZIC4
ZKSCAN3,EGR3
SCRT2,ZBTB18
YY2,ZNF784
SCRT1,ZBTB7C
KLF14,SP1
CENPB,MTF1
ONECUT2,ZKSCAN3
ONECUT1,SCRT2
ONECUT3,YY2
E2F1,SCRT1
E2F3,KLF14
E2F8,CENPB
E2F7,ONECUT2
E2F4,ONECUT1
EBF1,ONECUT3
ETV1,E2F1
SPI1,E2F3
ELF4,E2F8
ETV2,E2F7
ERF,E2F4
ELK3,EBF1
ETV3,ETV1
ELF1,SPI1
SPDEF,ELF4
ELK1,ETV2
ELF5,ERF
ETV6,ELK3
FLI1,ETV3
GABPA,ELF1
ELK4,SPDEF
ELF3,ELK1
FEV,ELF5
SPIC,ETV6
ETV4,FLI1
ETV5,GABPA
FOXP3,ELK4
FOXJ2,ELF3
FOXO3,FEV
FOXO1,SPIC
FOXI1,ETV4
FOXB1,ETV5
FOXL1,FOXP3
FOXC2,FOXJ2
FOXO4,FOXO3
FOXD2,FOXO1
FOXD3,FOXI1
FOXO6,FOXB1
GATA3,FOXL1
GATA5,FOXC2
GATA4,FOXO4
GCM2,FOXD2
GRHL1,FOXD3
TFCP2,FOXO6
MEOX1,GATA3
DLX6,GATA5
ALX4,GATA4
GSC2,GCM2
PITX1,GRHL1
HOXA9,TFCP2
RHOXF1,MEOX1
MEIS3,DLX6
DLX5,ALX4
HOXA1,GSC2
HOXA13,PITX1
EVX1,HOXA9
MEOX2,RHOXF1
PITX3,MEIS3
DLX4,DLX5
CDX1,HOXA1
OTX1,HOXA13
DLX2,EVX1
PRRX1,MEOX2
TGIF2,PITX3
HOXB5,DLX4
HOXB3,CDX1
HOXC13,OTX1
HOXC11,DLX2
HOXC12,PRRX1
HOXD11,TGIF2
MNX1,HOXB5
BARX1,HOXB3
GSC,HOXC13
RAX,HOXC11
HNF1A,HOXC12
LMX1B,HOXD11
PDX1,MNX1
BARHL2,BARX1
MEIS1,GSC
DLX1,RAX
HMBOX1,HNF1A
VAX1,LMX1B
TGIF2LX,PDX1
ALX3,BARHL2
ISL2,MEIS1
PKNOX1,DLX1
LMX1A,HMBOX1
EN1,VAX1
MSX1,TGIF2LX
EN2,ALX3
UNCX,ISL2
GBX1,PKNOX1
PHOX2A,LMX1A
PKNOX2,EN1
CDX2,MSX1
OTX2,EN2
DRGX,UNCX
PRRX2,GBX1
GBX2,PHOX2A
SHOX2,PKNOX2
GSX1,CDX2
HOXD12,OTX2
EMX2,DRGX
IRX2,PRRX2
HOXB2,GBX2
RAX2,SHOX2
EVX2,GSX1
HOXD8,HOXD12
IRX5,EMX2
TGIF1,IRX2
LBX2,HOXB2
ALX1,RAX2
GSX2,EVX2
HOXC10,HOXD8
MIXL1,IRX5
HMX3,TGIF1
HMX2,LBX2
BSX,ALX1
DMBX1,GSX2
DPRX,HOXC10
NOTO,MIXL1
HOMEZ,HMX3
HMX1,HMX2
HNF1B,BSX
PAX2,DMBX1
POU1F1,DPRX
POU2F3,NOTO
POU4F2,HOMEZ
POU4F1,HMX1
POU3F2,HNF1B
POU3F1,PAX2
POU3F3,POU1F1
HSF4,POU2F3
HSFY2,POU4F2
HSF1,POU4F1
IRF3,POU3F2
IRF5,POU3F1
IRF4,POU3F3
IRF8,HSF4
IRF7,HSFY2
IRF9,HSF1
MEF2A,IRF3
SRF,IRF5
MEF2D,IRF4
MEF2B,IRF8
MYBL2,IRF7
MYBL1,IRF9
RARB,MEF2A
ESR1,SRF
HNF4A,MEF2D
VDR,MEF2B
NR3C1,MYBL2
ESRRB,MYBL1
THRA,RARB
RARA,ESR1
THRB,HNF4A
NR4A2,VDR
AR,NR3C1
ESRRA,ESRRB
NR2F1,THRA
NR2C2,RARA
RXRA,THRB
ESRRG,NR4A2
RXRB,AR
TP63,ESRRA
PAX1,NR2F1
PAX5,NR2C2
PAX9,RXRA
PROX1,ESRRG
NFKB2,RXRB
NFAT5,TP63
NFKB1,PAX1
RFX4,PAX5
RFX5,PAX9
RUNX2,PROX1
GMEB2,NFKB2
NFIX,NFAT5
NFIB,NFKB1
NFIA,RFX4
SMAD3,RFX5
SOX8,RUNX2
SOX10,GMEB2
SOX21,NFIX
SOX15,NFIB
LEF1,NFIA
TCF7L1,SMAD3
SOX14,SOX8
SOX7,SOX10
SOX2,SOX21
SOX18,SOX15
TBX21,LEF1
TBX5,TCF7L1
TBX15,SOX14
TBX2,SOX7
TBX4,SOX2
TBR1,SOX18
TBX19,TBX21
TBX20,TBX5
TBX1,TBX15
TEAD3,TBX2
TEAD1,TBX4
TEAD4,TBR1
NRF1,TBX19
CPEB1,TBX20
PGR,TBX1
NR1I3,TEAD3
NR1I2,TEAD1
NFE2L1,TEAD4
ATF2,NRF1
ATF6,CPEB1
CREB1,PGR
ATF3,NR1I3
FOSL1,NR1I2
JUN,NFE2L1
MAFB,ATF2
ATF6B,ATF6
CEBPA,CREB1
TFAP2E,ATF3
HES2,FOSL1
SREBF1,JUN
TCFL5,MAFB
USF2,ATF6B
HES1,CEBPA
TCF21,TFAP2E
MYOG,HES2
MYOD1,SREBF1
MYCN,TCFL5
ASCL1,USF2
TCF12,HES1
HES6,TCF21
FERD3L,MYOG
MSGN1,MYOD1
NEUROD1,MYCN
HAND2,ASCL1
PTF1A,TCF12
NPAS2,HES6
ATOH1,FERD3L
ARNT2,MSGN1
NHLH2,NEUROD1
ATOH7,HAND2
NEUROG1,PTF1A
ASCL2,NPAS2
MESP2,ATOH1
CREM,ARNT2
BACH2,NHLH2
FOSB,ATOH7
JUND,NEUROG1
CREB3L4,ASCL2
CREB5,MESP2
BATF,CREM
FOS,BACH2
JUNB,FOSB
MAF,JUND
MAFA,CREB3L4
ZNF263,CREB5
DPF1,BATF
ZBTB32,FOS
ZNF76,JUNB
KLF6,MAF
ZNF343,MAFA
KLF5,ZNF263
ZNF821,DPF1
ZNF174,ZBTB32
KLF3,ZNF76
ZNF684,KLF6
ZBTB45,ZNF343
SNAI1,KLF5
ZNF384,ZNF821
KLF2,ZNF174
ZSCAN5A,KLF3
KLF4,ZNF684
ZSCAN9,ZBTB45
ZIC5,SNAI1
ZNF787,ZNF384
OSR1,KLF2
ZNF660,ZSCAN5A
ZNF385D,KLF4
ZSCAN1,ZSCAN9
KLF10,ZIC5
ZNF276,ZNF787
ZNF281,OSR1
KLF15,ZNF660
ZNF12,ZNF385D
ZNF704,ZSCAN1
OSR2,KLF10
ZNF23,ZNF276
ZNF444,ZNF281
ZNF597,KLF15
ZBTB43,ZNF12
ZNF32,ZNF704
ZNF296,OSR2
ZBTB26,ZNF23
KLF17,ZNF444
OVOL1,ZNF597
ZNF449,ZBTB43
HIC1,ZNF32
ZBTB33,ZNF296
ZNF454,ZBTB26
ZFP42,KLF17
ZNF771,OVOL1
ZBTB2,ZNF449
ZFP41,HIC1
ZBTB20,ZBTB33
ZFP1,ZNF454
ZBTB37,ZFP42
SNAI3,ZNF771
ZNF501,ZBTB2
ZNF396,ZFP41
ZSCAN23,ZBTB20
ZNF177,ZFP1
ZNF250,ZBTB37
ZNF140,SNAI3
ZNF460,ZNF501
ZBTB14,ZNF396
ZBTB12,ZSCAN23
ZNF580,ZNF177
SP9,ZNF250
ZSCAN31,ZNF140
ZBTB22,ZNF460
ZNF345,ZBTB14
MBNL2,ZBTB12
YBX1,ZNF580
LIN28B,SP9
DMRTC2,ZSCAN31
DMRTA1,ZBTB22
ETV7,ZNF345
ELF2,MBNL2
ETS2,YBX1
FOXA2,LIN28B
FOXA1,DMRTC2
FOXQ1,DMRTA1
FOXA3,ETV7
FOXE1,ELF2
FOXL2,ETS2
FOXR2,FOXA2
GATA6,FOXA1
GATA2,FOXQ1
TFCP2L1,FOXA3
UBP1,FOXE1
HOXA11,FOXL2
ISL1,FOXR2
HOXC8,GATA6
BARX2,GATA2
LHX5,TFCP2L1
SIX4,UBP1
HOXA5,HOXA11
HOXA6,ISL1
HOXB6,HOXC8
NKX3-2,BARX2
NANOG,LHX5
NKX2-3,SIX4
HOXB8,HOXA5
HOXB1,HOXA6
LHX4,HOXB6
HOXA7,NKX3-2
BARHL1,NANOG
SIX1,NKX2-3
HOXD1,HOXB8
HOXD3,HOXB1
HOXD9,LHX4
HOXD10,HOXA7
CDX4,BARHL1
RHOXF2,SIX1
SIX3,HOXD1
NKX6-2,HOXD3
LHX8,HOXD9
TLX3,HOXD10
NKX6-3,CDX4
NKX3-1,RHOXF2
HOXD4,SIX3
IRX1,NKX6-2
SIX2,LHX8
HOXB9,TLX3
TGIF2LY,NKX6-3
IRX3,NKX3-1
HOXC9,HOXD4
HOXB4,IRX1
ARGFX,SIX2
HOXA4,HOXB9
HOXA10,TGIF2LY
LHX1,IRX3
POU5F1,HOXC9
HSFY1,HOXB4
HSF5,ARGFX
IRF6,HOXA4
PPARD,HOXA10
NR5A2,LHX1
NR2C1,POU5F1
NR4A1,HSFY1
NR1D1,HSF5
NR5A1,IRF6
RORC,PPARD
NR6A1,NR5A2
NR1D2,NR2C1
RORB,NR4A1
PAX8,NR1D1
RFX1,NR5A1
RFX7,RORC
SKOR2,NR6A1
SMAD5,NR1D2
NFIC,RORB
SOX30,PAX8
TCF7,RFX1
BBX,RFX7
SOX3,SKOR2
SOX12,SMAD5
TBX18,NFIC
TBX3,SOX30
TBX6,TCF7
TBXT,BBX
TEAD2,SOX3
XPA,SOX12
SKOR1,TBX18
FOSL2,TBX3
ZKSCAN1,TBX6
ZFP14,TBXT
ZNF415,TEAD2
ZNF135,XPA
ZFP82,SKOR1
ZKSCAN7,FOSL2
ZNF777,ZKSCAN1
ZNF682,ZFP14
FOXP2,ZNF415
SOX6,ZNF135
SOX5,ZFP82
SOX17,ZKSCAN7
PLAG1,ZNF777
ZKSCAN2,ZNF682
ZNF582,FOXP2
ZNF506,SOX6
ZNF324,SOX5
ZNF671,SOX17
ZNF264,PLAG1
ZNF302,ZKSCAN2
ZNF184,ZNF582
ZNF419,ZNF506
ZNF85,ZNF324
ZNF430,ZNF671
ZNF549,ZNF264
ZNF211,ZNF302
ZNF205,ZNF184
ZNF45,ZNF419
ZNF133,ZNF85
ZNF484,ZNF430
ZNF557,ZNF549
ZNF337,ZNF211
ZNF317,ZNF205
ZNF331,ZNF45
ZNF141,ZNF133
ZNF304,ZNF484
ZNF132,ZNF557
ZNF189,ZNF337
ZNF287,ZNF317
ZIM3,ZNF331
ZNF614,ZNF141
ZNF300,ZNF304
RBAK,ZNF132
ZNF157,ZNF189
ZNF182,ZNF287
ZNF7,ZIM3
ZNF214,ZNF614
ZNF547,ZNF300
ZNF776,RBAK
ZNF18,ZNF157
ZNF19,ZNF182
ZNF222,ZNF7
ZNF235,ZNF214
ZNF714,ZNF547
ZNF333,ZNF776
ZNF382,ZNF18
ZNF496,ZNF19
PRDM9,ZNF222
ZNF202,ZNF235
ZNF3,ZNF714
ZNF180,ZNF333
ZNF641,ZNF382
ZNF610,ZNF496
ZNF528,PRDM9
ZNF701,ZNF202
ZNF283,ZNF3
ZNF558,ZNF180
ZNF30,ZNF641
ZNF354A,ZNF610
ZNF764,ZNF528
ZNF778,ZNF701
ZNF212,ZNF283
ZNF439,ZNF558
ZNF440,ZNF30
ZNF562,ZNF354A
ZNF561,ZNF764
ZNF584,ZNF778
ZIK1,ZNF212
ZNF540,ZNF439
ZNF570,ZNF440
ZNF621,ZNF562
ZNF680,ZNF561
ZNF483,ZNF584
ZNF417,ZIK1
ZNF791,ZNF540
ZNF266,ZNF570
ZNF519,ZNF621
ZNF25,ZNF680
ZNF77,ZNF483
ZNF169,ZNF417
ZNF613,ZNF791
ZNF620,ZNF266
ZNF619,ZNF519
ZNF114,ZNF25
ZNF543,ZNF77
ZNF354B,ZNF169
ZNF223,ZNF613
ZNF552,ZNF620
ZNF154,ZNF619
ZNF816,ZNF114
ZNF571,ZNF543
ZNF443,ZNF354B
ZNF792,ZNF223
ZNF707,ZNF552
ZNF875,ZNF154
ZNF101,ZNF816
ZNF716,ZNF571
ZNF708,ZNF443
ZNF662,ZNF792
ZNF320,ZNF707
ZNF530,ZNF875
ZNF730,ZNF101
ZNF93,ZNF716
ZFP90,ZNF708
ZNF479,ZNF662
ZNF445,ZNF320
ZNF74,ZNF530
ZNF267,ZNF730
ZNF566,ZNF93
ZNF529,ZFP90
ZNF284,ZNF479
ZNF749,ZNF445
ZNF17,ZNF74
ZNF555,ZNF267
ZNF75D,ZNF566
ZNF197,ZNF529
ZFP69B,ZNF284
ZFP69,ZNF749
ZNF626,ZNF17
ZNF793,ZNF555
ZNF383,ZNF75D
ZNF669,ZNF197
ZNF548,ZFP69B
ZNF567,ZFP69
ZNF573,ZNF626
ZNF527,ZNF793
ZNF33A,ZNF383
ZNF79,ZNF669
ZNF681,ZNF548
ZNF766,ZNF567
ZNF565,ZNF573
ZNF765,ZNF527
ZNF124,ZNF33A
ZNF605,ZNF79
ZNF799,ZNF681
ZNF782,ZNF766
ZNF846,ZNF565
ZNF136,ZNF765
ZKSCAN5,ZNF124
ZNF33B,ZNF605
ZNF431,ZNF799
ZNF418,ZNF782
ZNF585A,ZNF846
ZNF429,ZNF136
ZNF100,ZKSCAN5
ZNF398,ZNF33B
ZNF441,ZNF431
ZNF257,ZNF418
ZNF785,ZNF585A
ZNF786,ZNF429
ZNF675,ZNF100
ZNF860,ZNF398
ZNF695,ZNF441
ZNF615,ZNF257
ZNF433,ZNF785
ZNF81,ZNF786
ZNF780A,ZNF675
ZNF181,ZNF860
ZNF44,ZNF695
ZNF790,ZNF615
ZNF823,ZNF433
ZNF311,ZNF81
ZNF273,ZNF780A
ZNF84,ZNF181
ZNF667,ZNF44
ZNF649,ZNF790
ZNF248,ZNF823
ZNF334,ZNF311
ZNF485,ZNF273
ZNF442,ZNF84
ZNF26,ZNF667
ZNF69,ZNF649
ZNF480,ZNF248
ZNF587,ZNF334
ZNF808,ZNF485
ZNF28,ZNF442
ZNF627,ZNF26
ZNF789,ZNF69
ZNF534,ZNF480
ZNF525,ZNF587
ZNF805,ZNF808
ZNF468,ZNF28
ZNF616,ZNF627
ZFP57,ZNF789
ZNF783,ZNF534
ZNF425,ZNF525
ZNF611,ZNF805
ZNF254,ZNF468
ZNF90,ZNF616
ZNF891,ZFP57
ZNF705G,ZNF783
ZNF880,ZNF425
ZNF492,ZNF611
ZNF879,ZNF254
ZNF736,ZNF90
ZNF737,ZNF891
ZNF324B,ZNF705G
ZNF564,ZNF880
ZNF674,ZNF492
ZNF550,ZNF879
ZNF432,ZNF736
ZNF10,ZNF737
ZNF486,ZNF324B
ZNF225,ZNF564
ZNF285,ZNF674
ZNF224,ZNF550
ZIM2,ZNF432
ZNF2,ZNF10
ZNF8,ZNF486
ZNF487,ZNF225
MXI1,ZNF285
MYC,ZNF224
ZEB1,ZIM2
REST,ZNF2
CTCFL,ZNF8
E2F6,ZNF487
PBX3,MXI1
STAT1,MYC
STAT3,ZEB1
STAT2,REST
THAP1,CTCFL
TP73,E2F6
HIF1A,PBX3
TWIST1,STAT1
MITF,STAT3
KLF9,STAT2
ZNF24,THAP1
NFYA,TP73
TFDP1,HIF1A
FOXK2,TWIST1
FOXH1,MITF
GRHL2,KLF9
PBX2,ZNF24
DUX4,NFYA
IRF1,TFDP1
MYB,FOXK2
ESR2,FOXH1
HNF4G,GRHL2
NR2F2,PBX2
RELB,DUX4
SOX13,IRF1
TCF7L2,MYB
NFYB,ESR2
BACH1,HNF4G
SIX5,NR2F2
TBP,RELB
ZNF416,SOX13
ZNF574,TCF7L2
ZNF41,NFYB
ZNF653,BACH1
ZNF35,SIX5
ZNF16,TBP
ZNF692,ZNF416
ZFP3,ZNF574
ZNF322,ZNF41
ZNF467,ZNF653
ZSCAN22,ZNF35
ZNF71,ZNF16
ZFP64,ZNF692
PRDM6,ZFP3
ZNF37A,ZNF322
ZNF586,ZNF467
MYNN,ZSCAN22
ZNF213,ZNF71
PATZ1,ZFP64
MAZ,PRDM6
ZNF175,ZNF37A
KLF7,ZNF586
GTF3A,MYNN
ZNF436,ZNF213
FEZF1,PATZ1
ZNF341,MAZ
ZNF394,ZNF175
IKZF3,KLF7
ZNF513,GTF3A
ZNF22,ZNF436
ZNF146,FEZF1
ZNF280A,ZNF341
ZNF768,ZNF394
ZNF554,IKZF3
ZNF596,ZNF513
ZBTB42,ZNF22
ZNF594,ZNF146
ZNF329,ZNF280A
ZBTB6,ZNF768
ZSCAN30,ZNF554
ZNF490,ZNF596
ZNF563,ZBTB42
ZNF34,ZNF594
ZNF774,ZNF329
ZNF502,ZBTB6
ZFP28,ZSCAN30
ZNF98,ZNF490
ZNF677,ZNF563
ZNF121,ZNF34
ZNF770,ZNF774
ZSCAN5C,ZNF502
ZBTB48,ZFP28
ZNF134,ZNF98
GLI4,ZNF677
ZNF260,ZNF121
ZNF350,ZNF770
ZNF595,ZSCAN5C
INSM1,ZBTB48
ARID5B,ZNF134
LYL1,GLI4
AHR,ZNF260
EPAS1,ZNF350
ARNT,ZNF595
TAL1,INSM1
NFE2L2,ARID5B
ATF1,LYL1
ZFX,AHR
MECOM,EPAS1
SALL4,ARNT
KLF8,TAL1
ZBTB17,NFE2L2
PRDM14,ATF1
IKZF1,ZFX
ZNF335,MECOM
E2F5,SALL4
FOXM1,KLF8
LHX3,ZBTB17
NKX2-1,PRDM14
NKX6-1,IKZF1
MBD2,ZNF335
MECP2,E2F5
NR1H3,FOXM1
PPARA,LHX3
TP53,NKX2-1
RUNX1,NKX6-1
AIRE,MBD2
SMAD4,MECP2
STAT5A,NR1H3
STAT4,PPARA
STAT6,TP53
STAT5B,RUNX1
THAP11,AIRE
NFYC,SMAD4
ZNF711,STAT5A
ARID3A,STAT4
HMGA1,STAT6
HMGA2,STAT5B
MYF5,THAP11
NFE2L3,NFYC
ATF5,ZNF711
DDIT3,ARID3A
ZEB2,HMGA1
HIVEP2,HMGA2
IKZF2,MYF5
ZBTB11,NFE2L3
ZNF423,ATF5
ZBTB16,DDIT3
ZNF541,ZEB2
GZF1,HIVEP2
ZSCAN10,IKZF2
PRDM12,ZBTB11
ZNF236,ZNF423
PRDM15,ZBTB16
PRDM16,ZNF541
ZNF761,GZF1
ZNF148,ZSCAN10
ZNF589,PRDM12
ZNF219,ZNF236
SALL2,PRDM15
E4F1,PRDM16
SP7,ZNF761
ZNF581,ZNF148
ZNF217,ZNF589
ZFP92,ZNF219
ZSCAN26,SALL2
ZNF628,E4F1
ZNF521,SP7
SP5,ZNF581
ZNF316,ZNF217
ZNF705E,ZFP92
ZNF727,ZSCAN26
ZNF735,ZNF628
ZNF883,ZNF521
ZNF718,SP5
ZNF658,ZNF316
SATB1,ZNF705E
CXXC1,ZNF727
EBF4,ZNF735
EBF3,ZNF883
EBF2,ZNF718
FOXF1,ZNF658
FOXN1,SATB1
FOXJ1,CXXC1
FOXD4L4,EBF4
TRPS1,EBF3
GTF2IRD1,EBF2
GTF2I,FOXF1
HOXA3,FOXN1
NKX2-2,FOXJ1
SETDB1,FOXD4L4
MTERF1,TRPS1
CDC5L,GTF2IRD1
SMAD9,GTF2I
SMAD1,HOXA3
HBP1,NKX2-2
SOX11,SETDB1
TBX22,MTERF1
LTF,CDC5L
DNTTIP1,SMAD9
POU2AF1,SMAD1
CEBPZ,HBP1
GTF2B,SOX11
CARF,TBX22
SPZ1,LTF
NR0B1,DNTTIP1
BPTF,POU2AF1
PURA,CEBPZ
TOPORS,GTF2B
NFE4,CARF
ADNP,SPZ1
CHAMP1,NR0B1
DACH1,BPTF
DRAP1,PURA
GATAD1,TOPORS
GATAD2A,NFE4
HHEX,ADNP
HMG20A,CHAMP1
HMG20B,DACH1
HMGXB4,DRAP1
IKZF5,GATAD1
INSM2,GATAD2A
KAT7,HHEX
KMT2B,HMG20A
MBD1,HMG20B
MXD3,HMGXB4
MXD4,IKZF5
NCOA1,INSM2
NCOA3,KAT7
NFXL1,KMT2B
PHF20,MBD1
PRDM10,MXD3
SKI,MXD4
ZBED5,NCOA1
ZBTB10,NCOA3
ZBTB21,NFXL1
ZBTB25,PHF20
ZBTB40,PRDM10
ZBTB8A,SKI
ZFP37,ZBED5
ZFP91,ZBTB10
ZGPAT,ZBTB21
ZKSCAN8,ZBTB25
ZNF239,ZBTB40
ZNF362,ZBTB8A
ZNF366,ZFP37
ZNF407,ZFP91
ZNF426,ZGPAT
ZNF48,ZKSCAN8
ZNF507,ZNF239
ZNF511,ZNF362
ZNF512,ZNF366
ZNF518A,ZNF407
ZNF577,ZNF426
ZNF579,ZNF48
ZNF585B,ZNF507
ZNF592,ZNF511
ZNF600,ZNF512
ZNF629,ZNF518A
ZNF639,ZNF577
ZNF644,ZNF579
ZNF652,ZNF585B
ZNF654,ZNF592
ZNF664,ZNF600
ZNF697,ZNF629
ZNF781,ZNF639
ZNF83,ZNF644
ZNF843,ZNF652
ZSCAN21,ZNF654
ZXDB,ZNF664
AFF4,ZNF697
ASCC1,ZNF781
BAD,ZNF83
CBFA2T2,ZNF843
CBFB,ZSCAN21
ZNF830,ZXDB
CNOT6,AFF4
NELFB,ASCC1
DDX20,BAD
ENO1,CBFA2T2
FEZF2,CBFB
FHL2,ZNF830
FOXP4,CNOT6
GTF2H3,NELFB
GTF3C2,DDX20
GTF3C5,ENO1
HCFC2,FEZF2
HCLS1,FHL2
HDAC8,FOXP4
UBE2K,GTF2H3
HTATIP2,GTF3C2
ID2,GTF3C5
KDM5A,HCFC2
LARP1,HCLS1
CERS4,HDAC8
MAGED4,UBE2K
MAGEF1,HTATIP2
MYEF2,ID2
NCALD,KDM5A
NME1,LARP1
NMRAL1,CERS4
NUCB1,MAGED4
OTUD4,MAGEF1
PAXIP1,MYEF2
PDCD11,NCALD
PDLIM5,NME1
PHTF1,NMRAL1
PIR,NUCB1
PLAGL1,OTUD4
PQBP1,PAXIP1
PURG,PDCD11
RAB18,PDLIM5
RAN,PHTF1
RBBP5,PIR
RBFOX2,PLAGL1
RFXANK,PQBP1
SCAND2P,PURG
SCMH1,RAB18
SEMA4A,RAN
SF1,RBBP5
SMAD2,RBFOX2
SNAPC4,RFXANK
SNAPC5,SCAND2P
SND1,SCMH1
SSBP3,SEMA4A
SSX2,SF1
SSX3,SMAD2
TAF1A,SNAPC4
TAF9,SNAPC5
TBPL1,SND1
TCEAL2,SSBP3
TFAM,SSX2
THAP5,SSX3
MED30,TAF1A
TIMELESS,TAF9
TRMT1,TBPL1
TSC22D4,TCEAL2
TSNAX,TFAM
TULP1,THAP5
VPS4B,MED30
YEATS4,TIMELESS
ZBTB4,TRMT1
ZBTB46,TSC22D4
ZHX3,TSNAX
ZNF131,TULP1
ZNF160,VPS4B
ZNF207,YEATS4
RNF114,ZBTB4
ZNF326,ZBTB46
ZNF385A,ZHX3
ZNF503,ZNF131
ZNF510,ZNF160
ZNF706,ZNF207
TFAP2D,RNF114
BRCA1,ZNF326
CREB3L2,ZNF385A
FUBP1,ZNF503
HAND1,ZNF510
HLTF,ZNF706
HOXC6,TFAP2D
ID4,BRCA1
NR1H2,CREB3L2
NR4A3,FUBP1
SMARCA1,HAND1
SMARCA5,HLTF
SOX1,HOXC6
TAF1,ID4
TLX1,NR1H2
HIVEP1,NR4A3
ZNF165,SMARCA1
NF1,SMARCA5
BNC2,SOX1
ZBED2,TAF1
NKX2-4,TLX1
ARID5A,HIVEP1
BCL3,ZNF165
CHD1,NF1
CHD2,BNC2
DBX2,ZBED2
DMC1,NKX2-4
EP300,ARID5A
EZH2,BCL3
GTF2F1,CHD1
HCFC1,CHD2
HLX,DBX2
HOXC5,DMC1
IRX4,EP300
IRX6,EZH2
MTA3,GTF2F1
NKX1-1,HCFC1
NKX1-2,HLX
NKX2-6,HOXC5
OTP,IRX4
PML,IRX6
RAD21,MTA3
RCOR1,NKX1-1
SIN3A,NKX1-2
SMARCC1,NKX2-6
SMARCC2,OTP
SMC3,PML
SP100,RAD21
TBL1XR1,RCOR1
WRNIP1,SIN3A
ZBTB3,SMARCC1
ZNF691,SMARCC2
TRAF4,SMC3
CPSF4,SP100
MYCLP1,TBL1XR1
TCF15,WRNIP1
TAF6,ZBTB3
GABPB1,ZNF691
ILF2,TRAF4
SIRT6,CPSF4
ING4,MYCLP1
CHURC1,TCF15
MXD1,TAF6
TAL2,GABPB1
RFXAP,ILF2
GTF2A2,SIRT6
GTF2A1,ING4
TFDP2,CHURC1
RB1,MXD1
SMAD7,TAL2
SMAD6,RFXAP
DEAF1,GTF2A2
ARNTL2,GTF2A1
TRIM28,TFDP2
PARP1,RB1
TERF1,SMAD7
CNOT3,SMAD6
DBX1,DEAF1
BRF1,ARNTL2
BDP1,TRIM28
POLR3A,PARP1
EWSR1,TERF1
CTNNB1,CNOT3
FOXN4,DBX1
BCLAF1,BRF1
CCNT2,BDP1
HDAC2,POLR3A
OVOL3,EWSR1
ZNF536,CTNNB1
ZBTB5,FOXN4
ZNF688,BCLAF1
TBX10,CCNT2
FOXD4L6,HDAC2
FOXE3,OVOL3
RLF,ZNF536
SP6,ZBTB5
ZNF746,ZNF688
FOXD4L5,TBX10
FOXD4L3,FOXD4L6
TBPL2,FOXE3
ZNF687,RLF
ZNF438,SP6
ZNF516,ZNF746
ZSCAN18,FOXD4L5
PRDM13,FOXD4L3
FOXD4L1,TBPL2
SALL1,ZNF687
ZBTB41,ZNF438
ZBTB1,ZNF516
ZSCAN5B,ZSCAN18
GTF2A1L,PRDM13
ZBTB8B,FOXD4L1
ZNF575,SALL1
ZNF280B,ZBTB41
ZBTB34,ZBTB1
IKZF4,ZSCAN5B
AEBP2,GTF2A1L
ZNF772,ZBTB8B
ZSCAN25,ZNF575
FIZ1,ZNF280B
ZNF215,ZBTB34
SALL3,IKZF4
ZNF500,AEBP2
ZFY,ZNF772
ZBTB24,ZSCAN25
ZNF853,FIZ1
ZSCAN20,ZNF215
ZNF80,SALL3
ZNF20,ZNF500
ZNF630,ZFY
ZNF699,ZBTB24
ZNF470,ZNF853
ZNF57,ZSCAN20
ZXDC,ZNF80
ZNF648,ZNF20
ZNF544,ZNF630
ZNF546,ZNF699
ZNF517,ZNF470
ZFP2,ZNF57
ZNF572,ZXDC
ZNF66,ZNF648
ZNF689,ZNF544
ZNF837,ZNF546
ZNF710,ZNF517
ZNF625,ZFP2
ZNF491,ZNF572
ZNF709,ZNF66
ZNF526,ZNF689
ZNF676,ZNF837
ZNF556,ZNF710
ZNF408,ZNF625
ZNF700,ZNF491
ZNF286A,ZNF709
ZNF471,ZNF526
ZFP30,ZNF676
ZNF230,ZNF556
ZNF233,ZNF408
ZNF275,ZNF700
ZNF729,ZNF286A
ZSCAN32,ZNF471
ZNF195,ZFP30
ZNF814,ZNF230
ZNF878,ZNF233
ZNF726,ZNF275
ZNF208,ZNF729
ZNF732,ZSCAN32
ZNF99,ZNF195
ZNF253,ZNF814
ZNF623,ZNF878
ZNF14,ZNF726
ZNF705D,ZNF208
ZNF43,ZNF732
ZNF92,ZNF99
ZNF117,ZNF253
ZNF138,ZNF623
ZNF91,ZNF14
ZXDA,ZNF705D
ZNF155,ZNF43
ZNF234,ZNF92
ZNF844,ZNF117
ZNF763,ZNF138
ZNF569,ZNF91
ZNF404,ZXDA
ZNF678,ZNF155
ZNF829,ZNF234
ZNF672,ZNF844
ZNF568,ZNF763
ZNF841,ZNF569
ZNF813,ZNF404
ZNF836,ZNF678
ZNF705A,ZNF829
ZNF773,ZNF672
ZNF551,ZNF568
ZSCAN2,ZNF841
ZNF227,ZNF813
ZNF497,ZNF836
ZNF493,ZNF705A
ZNF679,ZNF773
ZNF683,ZNF551
ZFP62,ZSCAN2
ZNF721,ZNF227
ZNF461,ZNF497
ZNF397,ZNF493
ZNF420,ZNF679
ZNF578,ZNF683
ZNF775,ZFP62
ZNF845,ZNF721
ZNF560,ZNF461
ZNF606,ZNF397
ZNF668,ZNF420
ZKSCAN4,ZNF578
ZNF514,ZNF775
ZNF696,ZNF845
ZNF607,ZNF560
ZNF599,ZNF606
ZNF559,ZNF668
ZNF251,ZKSCAN4
ZNF583,ZNF514
ZNF665,ZNF696
ZNF670,ZNF607
ZNF358,ZNF599
ZNF319,ZNF559
ZNF70,ZNF251
ZNF226,ZNF583
ZNF624,ZNF665
PRDM5,ZNF670
ZNF112,ZNF358
ZNF780B,ZNF319
ZBTB47,ZNF70
ZBTB39,ZNF226
ZNF646,ZNF624
ZNF835,PRDM5
ZNF107,ZNF112
ZNF391,ZNF780B
ZSCAN12,ZBTB47
ZFPM1,ZBTB39
PEG3,ZNF646
ZBTB38,ZNF835
ZNF367,ZNF107
ZNF256,ZNF391
HDAC1,ZSCAN12
APEX1,ZFPM1
CTBP1,PEG3
BANP,ZBTB38
CRTC2,ZNF367
NONO,ZNF256
SFPQ,HDAC1
ABL1,APEX1
HELT,CTBP1
DIDO1,BANP
HNRNPUL1,CRTC2
DPF2,NONO
NCOA2,SFPQ
ILF3,ABL1
RHOXF2B,HELT
AHDC1,DIDO1
HMGXB3,HNRNPUL1
LCOR,DPF2
MLLT10,NCOA2
SATB2,ILF3
GPBP1L1,RHOXF2B
ZNF280D,AHDC1
ZNF142,HMGXB3
ZNF462,LCOR
ZNF576,MLLT10
ATF7-NPFF,SATB2
NANOGP8,GPBP1L1
MBTPS2,ZNF280D
CIC,ZNF142
SETBP1,ZNF462
FOXL3,ZNF576
SEBOX,ATF7-NPFF
DMRTB1,NANOGP8
RFX6,MBTPS2
TAF1L,CIC
TWIST2,SETBP1
FREM1,FOXL3
ARID3B,SEBOX
RBPJL,DMRTB1
CREBL2,RFX6
FOXB2,TAF1L
FOXD4,TWIST2
SP140,FREM1
CPHXL,ARID3B
AHCTF1,RBPJL
DNAJC21,CREBL2
MYPOP,FOXB2
PRDM11,FOXD4
PHF21A,SP140
CCDC169-SOHLH2,CPHXL
MLXIP,AHCTF1
CREBZF,DNAJC21
TERF2,MYPOP
SP110,PRDM11
NFX1,PHF21A
ASH2L,CCDC169-SOHLH2
METTL14,MLXIP
VPS72,CREBZF
CERS6,TERF2
CERS3,SP110
CERS5,NFX1
CERS2,ASH2L
PRDM7,METTL14
HIF3A,VPS72
BNC1,CERS6
FANK1,CERS3
IL21,CERS5
ZNF622,CERS2
NPAS4,PRDM7
ZBED6,HIF3A
TMEM33,BNC1
ACAA1,FANK1
ZNF800,IL21
ADNP2,ZNF622
ZNF414,NPAS4
ZFP91-CNTF,ZBED6
ZNF587B,TMEM33
ZNF451,ACAA1
ZNF532,ZNF800
LDB1,ADNP2
LMO2,ZNF414
YOD1,ZFP91-CNTF
METTL3,ZNF587B
A1CF,ZNF451
ABCF2,ZNF532
ACO1,LDB1
ADARB1,LMO2
AGAP2,YOD1
AGGF1,METTL3
AGMAT,A1CF
AHRR,ABCF2
AKR1A1,ACO1
ANXA1,ADARB1
ANXA11,AGAP2
APEX2,AGGF1
ARFGAP1,AGMAT
ARG1,AHRR
ARG2,AKR1A1
ARID3C,ANXA1
ASAP3,ANXA11
ASPSCR1,APEX2
ATOH8,ARFGAP1
AVEN,ARG1
BAX,ARG2
BOLL,ARID3C
BORCS8-MEF2B,ASAP3
BRF2,ASPSCR1
C19orf25,ATOH8
CANX,AVEN
CAT,BAX
CBX7,BOLL
CCDC25,BORCS8-MEF2B
CD59,BRF2
CDK2AP1,C19orf25
CELF4,CANX
CELF5,CAT
CELF6,CBX7
CFL2,CCDC25
CKMT1B,CD59
CLK1,CDK2AP1
CNOT4,CELF4
CPTP,CELF5
CSNK2B,CELF6
CSTF2,CFL2
CYB5R1,CKMT1B
CYCS,CLK1
DAB2,CNOT4
DAZAP1,CPTP
DDX4,CSNK2B
DDX43,CSTF2
DDX53,CYB5R1
DGCR8,CYCS
DHX36,DAB2
DIABLO,DAZAP1
DIS3,DDX4
DMAP1,DDX43
DNMT3A,DDX53
DR1,DGCR8
DTL,DHX36
DUS3L,DIABLO
DUSP22,DIS3
DUSP26,DMAP1
ECSIT,DNMT3A
EDN1,DR1
EEF1D,DTL
EIF5A2,DUS3L
ESRP1,DUSP22
ESRP2,DUSP26
ETFB,ECSIT
EXO5,EDN1
EXOSC3,EEF1D
EZR,EIF5A2
FAAP24,ESRP1
FAM127B,ESRP2
FBXL19,ETFB
FEZ1,EXO5
FGF19,EXOSC3
FIP1L1,EZR
FOXS1,FAAP24
GADD45A,FAM127B
GAR1,FBXL19
GIT2,FEZ1
GLYCTK,FGF19
GOT1,FIP1L1
GPAM,FOXS1
GPANK1,GADD45A
GPD1,GAR1
GRHL3,GIT2
GRHPR,GLYCTK
GTPBP1,GOT1
GTPBP6,GPAM
H1FX,GPANK1
H2AFY,GPD1
H2AFZ,GRHL3
HADHB,GRHPR
HDAC3,GTPBP1
HES4,GTPBP6
HEYL,H1FX
HHAT,H2AFY
HIRIP3,H2AFZ
HIST1H2BN,HADHB
HIST2H2AB,HDAC3
HIST2H2BE,HES4
HIVEP3,HEYL
HKR1,HHAT
HLCS,HIRIP3
HMGB1,HIST1H2BN
HMGB2,HIST2H2AB
HMGB3,HIST2H2BE
HMGB4,HIVEP3
HNRNPA0,HKR1
HNRNPA1,HLCS
HNRNPC,HMGB1
HNRNPH3,HMGB2
HNRNPLL,HMGB3
HP1BP3,HMGB4
HSPA1L,HNRNPA0
HSPA5,HNRNPA1
HUNK,HNRNPC
ID1,HNRNPH3
IL24,HNRNPLL
ING3,HP1BP3
IVD,HSPA1L
JAZF1,HSPA5
JRK,HUNK
JRKL,ID1
KCNIP1,IL24
KDM2A,ING3
KDM4A,IVD
KDM4B,JAZF1
KDM4C,JRK
KDM4D,JRKL
KDM4E,KCNIP1
KDM5D,KDM2A
KDM7A,KDM4A
KIAA0907,KDM4B
KIF22,KDM4C
KLF18,KDM4D
KLRG1,KDM4E
LARP4,KDM5D
LAS1L,KDM7A
LIN28A,KIAA0907
LRRFIP1,KIF22
LSM6,KLF18
LUZP1,KLRG1
LUZP2,LARP4
MAGEA8,LAS1L
MAGOH,LIN28A
MAP4K2,LRRFIP1
MAPK1,LSM6
MCTP2,LUZP1
MDM2,LUZP2
MELK,MAGEA8
METTL21B,MAGOH
MEX3C,MAP4K2
MIEF1,MAPK1
MIOS,MCTP2
MKX,MDM2
MORN1,MELK
MRPL1,METTL21B
MRPL2,MEX3C
MRPS25,MIEF1
MSI1,MIOS
MSI2,MKX
MSRA,MORN1
MSRB3,MRPL1
MTHFD1,MRPL2
MYCL,MRPS25
MYLK,MSI1
NAGS,MSI2
NANOS1,MSRA
NAP1L1,MSRB3
NCBP2,MTHFD1
NCOR1,MYCL
NCOR2,MYLK
NELFA,NAGS
NEUROG3,NANOS1
NMI,NAP1L1
NNT,NCBP2
NOC2L,NCOR1
NPDC1,NCOR2
NUP107,NELFA
NUP133,NEUROG3
NXPH3,NMI
ODC1,NNT
P4HB,NOC2L
PCK2,NPDC1
PDE6H,NUP107
PDS5A,NUP133
PGAM2,NXPH3
PHF12,ODC1
PHF2,P4HB
PHF8,PCK2
PHLDA2,PDE6H
PICK1,PDS5A
PIK3C3,PGAM2
PKM,PHF12
PLG,PHF2
POLD2,PHF8
POLE3,PHLDA2
POLE4,PICK1
POLI,PIK3C3
POLR2A,PKM
POLR3G,PLG
PPARGC1A,POLD2
PPP1R10,POLE3
PPP2R3B,POLE4
PPP5C,POLI
PRDX5,POLR2A
PRKAA1,POLR3G
PRKAA2,PPARGC1A
PRNP,PPP1R10
PROX2,PPP2R3B
PSMA6,PPP5C
PSMC2,PRDX5
PSMD12,PRKAA1
PTCD1,PRKAA2
PTPMT1,PRNP
PUM3,PROX2
R3HDM2,PSMA6
RAB14,PSMC2
RAB2A,PSMD12
RAB7A,PTCD1
RBBP9,PTPMT1
RBM17,PUM3
RBM22,R3HDM2
RBM3,RAB14
RBM42,RAB2A
RBM7,RAB7A
RBM8A,RBBP9
RBMS1,RBM17
RFC2,RBM22
RFC3,RBM3
RFX8,RBM42
RIOK2,RBM7
RNASEH2C,RBM8A
RNF138,RBMS1
RPL35,RFC2
RPL6,RFC3
RPP25,RFX8
RPS10,RIOK2
RPS4X,RNASEH2C
RPS6KA5,RNF138
RUFY3,RPL35
RUVBL1,RPL6
SCAND1,RPP25
SCX,RPS10
SF3B1,RPS4X
SFT2D1,RPS6KA5
SIM1,RUFY3
SIM2,RUVBL1
SLC18A1,SCAND1
SMAP2,SCX
SMPX,SF3B1
SMUG1,SFT2D1
SNRNP70,SIM1
SNRPB2,SIM2
SOCS4,SLC18A1
SOD1,SMAP2
SPAG7,SMPX
SPATS2,SMUG1
SPR,SNRNP70
SRBD1,SNRPB2
SRP9,SOCS4
SRRM3,SOD1
SSRP1,SPAG7
STAU2,SPATS2
STK40,SPR
STUB1,SRBD1
SUCLG1,SRP9
T,SRRM3
TAF7,SSRP1
TAGLN2,STAU2
TCEAL6,STK40
TCF23,STUB1
TCF24,SUCLG1
TFDP3,T
TFF3,TAF7
THOC2,TAGLN2
TIA1,TCEAL6
TIGD2,TCF23
TIGD3,TCF24
TIGD4,TFDP3
TIGD5,TFF3
TIGD6,THOC2
TIGD7,TIA1
TIMM44,TIGD2
TIMM8A,TIGD3
TMSB4XP8,TIGD4
TOB2,TIGD5
TPI1,TIGD6
TPPP,TIGD7
TRIB1,TIMM44
TRIB2,TIMM8A
TRIB3,TMSB4XP8
TRIM21,TOB2
TRIM69,TPI1
TRIP10,TPPP
TRMO,TRIB1
TROVE2,TRIB2
TSN,TRIB3
U2AF1,TRIM21
UBB,TRIM69
UBE2V1,TRIP10
UBTF,TRMO
UBXN1,TROVE2
UGP2,TSN
UQCRB,U2AF1
USP39,UBB
UTP18,UBE2V1
VAMP3,UBTF
WDR83,UBXN1
WISP2,UGP2
XG,UQCRB
XRCC1,USP39
YWHAE,UTP18
YWHAZ,VAMP3
ZC3H7A,WDR83
ZCCHC14,WISP2
ZCCHC17,XG
ZDHHC15,XRCC1
ZDHHC24,YWHAE
ZDHHC5,YWHAZ
ZHX2,ZC3H7A
ZMAT2,ZCCHC14
ZMAT4,ZCCHC17
ZNF286B,ZDHHC15
ZNF355P,ZDHHC24
ZNF542P,ZDHHC5
ZNF598,ZHX2
ZNF658B,ZMAT2
ZNF702P,ZMAT4
ZNF705CP,ZNF286B
ZNF717,ZNF355P
ZNF720,ZNF542P
ZNF788,ZNF598
ZNF806,ZNF658B
ZNF826P,ZNF702P
ZNF827,ZNF705CP
ZNF831,ZNF717
ZRSR2,ZNF720
ZSWIM1,ZNF788
,ZNF806
,ZNF826P
,ZNF827
,ZNF831
,ZRSR2
,ZSWIM1
